{
    "$schema": "http://json-schema.org/draft-04/schema#",
    "description": "JSON restful schema for Customer Operations",
    "type": "object",
    "properties": {
        "cust_details": {
            "type": "object",
            "properties": {
			"cust_number": {
                    "type": "integer",
                    "maximum": 9999999999,
                    "minimum": 0
                },
                "first_name": {
                    "type": "string",
                    "minLength": 20,
                    "maxLength": 20
                },
                "last_name": {
                    "type": "string",
                    "minLength": 20,
                    "maxLength": 20
                },
                "date_of_birth": {
                    "type": "string",
                    "minLength": 10,
                    "maxLength": 10
                },
                "zipcode": {
                    "type": "string",
                    "minLength": 8,
                    "maxLength": 8
                },
                "cell_number": {
                    "type": "string",
                    "minLength": 20,
                    "maxLength": 20
                },
                "email_address": {
                    "type": "string",
                    "minLength": 40,
                    "maxLength": 40
                }
            },
            "required": [
			"cust_number",
                "first_name",
			"last_name",
                "date_of_birth",
                "zipcode",
                "cell_number",
                "email_address"
           ]
        }
    },
    "required": [
        "cust_details"
    ]
}
