{
    "$schema": "http://json-schema.org/draft-04/schema#",
    "description": "JSON request schema for Customer Inquiry",
    "type": "object",
    "properties": {
        "cust_inquiry_request": {
            "type": "object",
            "properties": {
                "function_request_id": {
                    "type": "string",
                    "minLength": 15,
                    "maxLength": 15
                },
                "cust_number": {
                    "type": "integer",
                    "maximum": 9999999999,
                    "minimum": 0
                }
            },
            "required": [
                "function_request_id",
                "cust_number"
            ]
        }
    },
    "required": [
        "cust_inquiry_request"
    ]
}
