{
    "type": "object",
    "$schema": "http://json-schema.org/draft-04/schema",
    "properties": {
        "insuranceScoreResponse": {
            "type": "object",
            "properties": {
                "customerId": {
                    "type": "integer",
                    "minimum": 0,
                    "maximum": 99999999
                },
                "score": {
                    "type": "integer",
                    "minimum": 100,
                    "maximum": 999
                },
                "timestamp": {
                    "type": "string",
                    "format": "date-time"
                }
            },
            "required": [
                "customerId",
                "score",
                "timestamp"
            ]
        }
    },
    "required": [
        "insuranceScoreResponse"
    ]
}