{
    "type": "object",
    "$schema": "http://json-schema.org/draft-04/schema",
    "required": [
        "insuranceScoreRequest"
    ],
    "properties": {
        "insuranceScoreRequest": {
            "type": "object",
            "properties": {
                "dob": {
                    "type": "string",
                    "minLength": 10,
                    "maxLength": 10
                },
                "firstName": {
                    "type": "string",
                    "minLength": 1,
                    "maxLength": 50
                },
                "houseNumber": {
                    "type": "string",
                    "minLength": 1,
                    "maxLength": 4
                },
                "lastName": {
                    "type": "string",
                    "minLength": 1,
                    "maxLength": 50
                },
                "policyType": {
                    "type": "integer",
                    "minimum": 0,
                    "maximum": 999
                },
                "postcode": {
                    "type": "string",
                    "minLength": 6,
                    "maxLength": 8
                }
            },
            "required": [
                "dob",
                "firstName",
                "houseNumber",
                "lastName",
                "policyType",
                "postcode"
            ]
        }
    }
}	